STT,Ten_quan,Dia_chi,Gio_mo_cua,Phong_cach,Huong_di,Doi_tac,Noi_bat,Link_drive
1,Thung Lũng Tình Yêu,03-05-07 Mai Anh Đào, 7:30-22:00,Tây nguyên,Trung Tâm,,"Đạp vịt , đi xe jeep tham quan, cầu kính Ngàn Thông",Thung Lũng Tình Yêu 
2,Núi Langbiang,"93A đường Bidoup, Lạc Dương", 7:30-22:00,Tây nguyên,Lạc Dương,,"Xe Jeep, trekking, ngắm cảnh & săn mây",Núi Langbiang
3,KDL Thung Lũng Vàng,"Xã Lát, LangBiang",07:00–17:00,Tây nguyên,Lạc Dương,,Hoạt động cắm trại và câu cá thú vị,KDL Thung Lũng Vàng
4,Đồi Mộng Mơ,Số 05 Đ. Mai Anh Đào,07:30–17:30,Tây nguyên,Trung Tâm,,"Cây nguyện ước tình yêu,thác vàng,Khu vườn sinh vật lạ",Đồi Mộng Mơ
5,Khu Du Lịch Lá Phong,45 Đ. Đặng Thái Thân,07:30–17:30,Tây nguyên,Trung Tâm,,"Nhà nhiều mái - điểm nhấn độc đáo, hồ cá Koi",Khu Du Lịch Lá Phong
6,Đường Hầm Đất Sét,P. Xuân Hương,07:00–17:00,Tây nguyên,Tuyền Lâm,,Tái hiện lại các công trình kiến trức văn hóa nổi bật của Đà Lạt,Đường Hầm Đất Sét
7,Puppy Farm,"Cam Ly, Măng Lin",07:30–17:30,Hiện đại,Tà Nung,,"Trượt phao,giao lưu với cún",Puppy Farm
8,Zoo Doo,"QL27C, Xã Đạ Nhim, Lạc Dương",08:00–16:00,Tây nguyên,Lạc Dương,,Tham quan và tương tác với thú,Zoo Doo
9,KDL Mongo Land,Tổ 16 thôn 01 Tà Nung,07:00–17:30,Hiện đại,Tà Nung,,"Đua xe Go-kart, bắn cung, trượt phao khô",KDL Mongo Land
10,Vườn Hoa Đà Lạt,02 Đ. Trần Nhân Tông,06:30–18:00,Tây nguyên,Trung Tâm,,Tham quan chụp ảnh,Vườn Hoa Đà Lạt
11,KDL Chuồn Chuồn,"217 thôn 05, Mê Linh, Lâm Hà",07:30–17:00,Tây nguyên,Tà Nung,,"Trượt phao khô 7 sắc cầu vồng,Check-in sống ảo",KDL Chuồn Chuồn
12,Cao Nguyên Hoa Đà Lạt,"Đèo Tà Nung, Tiểu khu 158",07:00–16:30,Tây nguyên,Tà Nung,,Xe trượt dốc,Cao Nguyên Hoa Đà Lạt
13,The Fairytale Land,Vạn Thành,07:30–17:00,Vintage,Tà Nung,,"Tham quan làng cổ tích,xem acoustic",The Fairytale Land
14,KDL Quỷ Núi,"Thôn Đạ Nghịt, Lạc Dương",08:00–17:00,Vintage,Lạc Dương,,"Check-in ma mị, trang phục thổ dân, ẩm thực, đặc sản",KDL Quỷ Núi
15,KDL Thác Datanla,QL20 Đèo Prenn,07:30–16:30,Tây nguyên,Đèo Prenn,,"Zipline qua thác, xe Jeep băng rừng, máng trượt",KDL Thác Datanla
16,KDL Thác Prenn,Chân đèo Prenn,06:30–17:00,Tây nguyên,Đèo Prenn,,"Tham quan thiên nhiên, tham quan văn hóa & tâm linh",KDL Thác Prenn
17,KDL Thác Pongour,Đức Trọng,07:30–17:00,Tây nguyên,Đèo Prenn,,"Kiệt tác thiên nhiên 7 tầng, dã ngoại, cắm trại",KDL Thác Pongour
18,Delight park,113 Hồ Xuân Hương,09:00 - 22:00,Hiện đại,Thái Phiên,,"Không gian ánh sáng huyền ảo, show diễn và âm nhạc",Delight park
19,Suối Vàng,Lạc Dương,07:30–17:00,Tây nguyên,Lạc Dương,,"Thăm Thác & Đập Ankroet,Săn mây & Bình minh/Hoàng hôn",Suối Vàng
20,KDL Làng Cù Lần,Lạc Dương,07:30–17:00,Tây nguyên,Lạc Dương,,"Xe Jeep địa hình, chèo bè trên suối, cắm trại",KDL Làng Cù Lần
21,Tuyệt Tình Cốc,"Đạ Tông, Lạc Dương",Mở cả ngày,Hiện đại,Lạc Dương,,"Tham quan Chùa Am Tiên,Check-in Tuyệt Tình Cốc",Tuyệt Tình Cốc
23,KDL Cánh Đồng Hoa Cẩm Tú Cầu,"Đường Tập Đoàn 7, Trại Mát",07:00–18:00,Hiện đại,Trại Mát - Cầu Đất,,"Vườn cẩm tú cầu rộng lớn,Tiểu cảnh check-in",KDL Cánh Đồng Hoa Cẩm Tú Cầu
24,Langfarm Center,1B Hoàng Văn Thụ,07:30–17:30,Hiện đại,Tà Nung,,"Du hành xuyên lòng đất, công viên khủng long",Langfarm Center
25,KDL The Florest - Hoa Trong Rừng,"Thôn 4, Đà Lạt",05:30–18:30,Tây nguyên,Tà Nung,,"Vườn hoa khổng lồ,dã ngoại & Camping",KDL The Florest - Hoa Trong Rừng
26,KDL Thiên Minh Đà Lạt,"Thôn 4, Tà Nung",08:00–22:00,Hiện đại,Tà Nung,X,"Trò chơi zipline,Giao lưu thú cưng,Ẩm thực & Chill",KDL Thiên Minh Đà Lạt
27,Hanna Land Đà Lạt,68B Hoàng Hoa Thám,07:00–22:00,Hiện đại,Trung Tâm,X,"Trượt phao khô,giao lưu thú,Checkin sống ảo",Hanna Land Đà Lạt
28,KDL Làng Hoa Thái Phiên,Phường 12,08:00–18:00,Hiện đại,Tà Nung,,"Tham quan vườn hoa đa sắc,Khám phá văn hóa bản địa",KDL Làng Hoa Thái Phiên
30,KDL Cáp Treo Đà Lạt,"Đồi Robin, Phường 3",07:30–16:45,Hiện đại,Trung Tâm,,Tuyến cáp treo dài 2.267m,KDL Cáp Treo Đà Lạt
32,Dapa Hill,"Tổ 20 Thôn 4, Tà Nung",07:00–18:00,Vintage,Tà Nung,,"Trò chơi trượt phao khô,vườn thú,",Dapa Hill
33,Thông Reo,"149St, Ankroet",07:00–18:00,Tây nguyên,Lạc Dương,,"Nghỉ dưỡng yên bình, hoà mình với thiên nhiên",Thông reo
34,Chèo thuyền Kayak,Hoa Cẩm Tú Cầu,05:00–17:00,Tây nguyên,Tuyền Lâm,,"Chèo thuyền Kayak/SUP,Săn bình minh và hoàng hôn,Cắm trại ",Chèo thuyền Kayak
35,Wonderland,19 Hoa Hồng,08:00–17:00,Vintage,Tuyền Lâm,,"Xe trượt , xe địa hình, bắn cung, đường trượt phao khô",Wonderland
36,Langbiang Land,93A Đường Biđoup,07:00–20:00,Tây nguyên,Lạc Dương,x,"Đua xe Go-Kart, trượt cầu vồng, cồng chiêng Tây Nguyên",Langbiang Land
37,Hầm rượu Vĩnh Tiến,"Vạn Thành, Làng Hoa",07:30–17:00,Vintage,Tà Nung,,Vùng đất cổ tích của những chú lùn Hobbit,Hầm rượu Vĩnh Tiến
38,KDL Thúy Thuận,"Tổ 13 Thôn 1, Tà Nung",07:00–17:30,Tây nguyên,Tà Nung,,"Xưởng cà phê độc đáo,cầu gỗ tiểu cảnh",KDL Thúy Thuận
39,Đèo Mây Farm,Hẻm 32 Đ. 3/4,06:00–20:30,Hiện đại,Trung Tâm,,"Vườn dâu tây Pháp, vườn hoa bất tử, và không gian xanh check-in",Đèo Mây Farm
40,Dalat Camp,Lạc Dương,07:30–17:00,Tây nguyên,Lạc Dương,,"Đạp xe và đi bộ xuyên rừng, Thu hoạch rau organic",Dalat Camp
